Type,Name,Request Count,Failure Count,Median Response Time,Average Response Time,Min Response Time,Max Response Time,Average Content Size,Requests/s,Failures/s,50%,66%,75%,80%,90%,95%,98%,99%,99.9%,99.99%,100%
x_direct_3_100,x_direct_3_100_topic_0,175810,0,6,6.5558296399522265,0.09899999999999999,66.96199999999999,0.0,97.67368350826713,0.0,6,7,9,10,13,15,18,19,48,66,67
,Aggregated,175810,0,6,6.5558296399522265,0.09899999999999999,66.96199999999999,0.0,97.67368350826713,0.0,6,7,9,10,13,15,18,19,48,66,67
