Type,Name,Request Count,Failure Count,Median Response Time,Average Response Time,Min Response Time,Max Response Time,Average Content Size,Requests/s,Failures/s,50%,66%,75%,80%,90%,95%,98%,99%,99.9%,99.99%,100%
x_direct_1000_1000,x_direct_1000_1000_topic_0,528830,0,8,9.082017952839283,-0.039,148.372,0.0,293.81062122602066,0.0,8,10,12,13,16,19,23,29,54,90,150
,Aggregated,528830,0,8,9.082017952839283,-0.039,148.372,0.0,293.81062122602066,0.0,8,10,12,13,16,19,23,29,54,90,150
