Type,Name,Request Count,Failure Count,Median Response Time,Average Response Time,Min Response Time,Max Response Time,Average Content Size,Requests/s,Failures/s,50%,66%,75%,80%,90%,95%,98%,99%,99.9%,99.99%,100%
x_direct_500_500,x_direct_500_500_topic_0,177757,0,6,6.8068917792266985,0.14200000000000002,493.84,0.0,98.75733360770441,0.0,6,8,9,10,12,14,16,18,41,320,490
,Aggregated,177757,0,6,6.8068917792266985,0.14200000000000002,493.84,0.0,98.75733360770441,0.0,6,8,9,10,12,14,16,18,41,320,490
