Type,Name,Request Count,Failure Count,Median Response Time,Average Response Time,Min Response Time,Max Response Time,Average Content Size,Requests/s,Failures/s,50%,66%,75%,80%,90%,95%,98%,99%,99.9%,99.99%,100%
x_direct_3_500,x_direct_3_500_topic_0,56302,0,5,32.12011912543072,0.12999999999999998,52684.283,0.0,31.5159722050573,0.0,5,6,7,7,9,9,11,17,70,52000,53000
x_direct_3_500,x_direct_3_500_topic_1,57182,0,5,39.85055755307617,0.11699999999999999,52685.066,0.0,32.00856670508306,0.0,5,6,7,7,8,9,11,16,71,52000,53000
x_direct_3_500,x_direct_3_500_topic_2,55906,0,5,36.08075283511609,0.122,52688.367999999995,0.0,31.294304680045705,0.0,5,6,7,7,8,9,11,16,93,53000,53000
,Aggregated,169390,0,5,36.036909481079164,0.11699999999999999,52688.367999999995,0.0,94.81884359018606,0.0,5,6,7,7,8,9,11,17,71,52000,53000
