Type,Name,Request Count,Failure Count,Median Response Time,Average Response Time,Min Response Time,Max Response Time,Average Content Size,Requests/s,Failures/s,50%,66%,75%,80%,90%,95%,98%,99%,99.9%,99.99%,100%
x_direct_3_500,x_direct_3_500_topic_0,177767,0,5,6.326341255688629,0.13799999999999998,93.3,0.0,98.77591326937605,0.0,5,7,8,9,12,15,17,19,39,91,93
,Aggregated,177767,0,5,6.326341255688629,0.13799999999999998,93.3,0.0,98.77591326937605,0.0,5,7,8,9,12,15,17,19,39,91,93
